campaign_id,name,advertiser_id,start_date,end_date,targeting_criteria,ad_slot_size,budget,remaining_budget
1,2024-11-12,1,Age 29-46, Gaming, Germany,300x250,279306.6,279306.6
2,2024-11-28,2,Age 22-33, Gaming, Australia,728x90,88914.6,88914.6
3,2024-11-11,3,Age 27-42, Health, USA,300x250,207892.45,207892.45
4,2024-11-20,4,Age 18-36, Fashion, USA,300x250,181597.78,181597.78
5,2024-11-26,5,Age 30-43, Technology, India,728x90,354525.31,354525.31
6,2024-11-03,6,Age 29-44, Finance, Germany,160x600,372520.6,372520.6
7,2024-11-21,3,Age 28-47, Gaming, Australia,728x90,382053.73,382053.73
8,2024-10-19,7,Age 26-43, Sports, Germany,300x250,456471.3,456471.3
9,2024-10-24,8,Age 28-41, Technology, India,300x250,66844.43,66844.43
10,2024-11-28,9,Age 25-32, Fashion, UK,728x90,250487.04,250487.04
11,2024-11-19,5,Age 23-34, Travel, USA,160x600,413813.25,413813.25
12,2024-12-04,9,Age 24-48, Sports, India,300x250,372773.04,372773.04
13,2024-12-13,4,Age 26-48, Finance, Germany,300x250,404699.38,404699.38
14,2024-11-07,10,Age 27-50, Health, Australia,160x600,64090.54,64090.54
15,2024-12-05,11,Age 18-44, Sports, Germany,160x600,81668.74,81668.74
16,2024-11-20,12,Age 24-36, Sports, Germany,160x600,64902.88,64902.88
17,2024-10-28,13,Age 23-47, Gaming, Germany,160x600,480720.61,480720.61
18,2024-10-27,7,Age 27-40, Travel, UK,300x250,142399.92,142399.92
19,2024-10-25,14,Age 30-45, Health, Germany,160x600,376774.46,376774.46
20,2024-11-19,9,Age 18-48, Travel, Australia,160x600,400215.29,400215.29
21,2024-11-07,15,Age 30-47, Finance, India,728x90,190793.1,190793.1
22,2024-12-15,16,Age 30-41, Travel, USA,300x250,41039.07,41039.07
23,2024-12-08,17,Age 26-31, Finance, Australia,728x90,19620.95,19620.95
24,2024-11-06,18,Age 28-33, Travel, USA,300x250,185308.88,185308.88
25,2024-11-19,19,Age 22-34, Sports, UK,160x600,39032.05,39032.05
26,2024-11-10,20,Age 23-32, Technology, UK,160x600,425167.14,425167.14
27,2024-11-03,1,Age 29-48, Gaming, UK,300x250,442058.8,442058.8
28,2024-11-21,21,Age 30-45, Health, India,300x250,47932.02,47932.02
29,2024-10-26,9,Age 23-46, Finance, USA,160x600,313417.41,313417.41
30,2024-11-11,5,Age 28-49, Education, UK,728x90,25036.96,25036.96
31,2024-11-07,22,Age 23-50, Fashion, India,160x600,493592.55,493592.55
32,2024-11-21,8,Age 28-39, Education, Australia,300x250,73669.68,73669.68
33,2024-11-23,23,Age 28-45, Travel, Australia,300x250,283294.88,283294.88
34,2024-11-29,22,Age 21-49, Travel, India,728x90,381389.24,381389.24
35,2024-12-11,2,Age 19-48, Travel, Australia,300x250,496148.88,496148.88
36,2024-12-01,24,Age 29-39, Education, USA,160x600,194004.19,194004.19
37,2024-12-22,25,Age 27-31, Fashion, UK,728x90,409143.48,409143.48
38,2024-11-01,8,Age 23-41, Finance, USA,300x250,16542.76,16542.76
39,2024-11-15,9,Age 19-43, Sports, USA,300x250,285406.4,285406.4
40,2024-11-18,20,Age 20-45, Technology, UK,160x600,223220.95,223220.95
41,2024-10-21,11,Age 30-43, Finance, USA,300x250,389864.04,389864.04
42,2024-11-08,17,Age 23-41, Fashion, India,160x600,124985.78,124985.78
43,2024-11-07,8,Age 18-49, Health, UK,728x90,271135.77,271135.77
44,2024-11-04,9,Age 29-49, Health, Germany,300x250,210660.9,210660.9
45,2024-10-29,26,Age 25-40, Finance, UK,160x600,472359.21,472359.21
46,2024-11-18,9,Age 24-34, Finance, USA,728x90,331405.07,331405.07
47,2024-11-10,17,Age 27-47, Fashion, Germany,728x90,395312.78,395312.78
48,2024-11-01,21,Age 21-47, Travel, Germany,300x250,483772.19,483772.19
49,2024-12-17,23,Age 30-48, Health, UK,728x90,31587.91,31587.91
50,2024-10-31,13,Age 21-32, Health, UK,160x600,163282.1,163282.1
51,2024-11-24,12,Age 20-37, Fashion, Australia,728x90,156582.98,156582.98
52,2024-11-27,25,Age 24-47, Education, USA,160x600,155545.68,155545.68
53,2024-11-08,27,Age 27-46, Sports, Australia,300x250,496498.54,496498.54
54,2024-10-15,28,Age 19-39, Technology, India,728x90,74813.17,74813.17
55,2024-12-17,12,Age 19-41, Health, USA,300x250,156947.67,156947.67
56,2024-11-07,14,Age 24-32, Fashion, Australia,728x90,171497.45,171497.45
57,2024-12-26,25,Age 24-44, Finance, USA,728x90,208412.28,208412.28
58,2024-12-07,29,Age 29-41, Finance, Australia,728x90,127590.15,127590.15
59,2024-11-20,22,Age 18-41, Fashion, India,160x600,463045.17,463045.17
60,2024-11-10,9,Age 30-31, Finance, Germany,160x600,101524.14,101524.14
61,2024-11-24,27,Age 23-44, Health, UK,160x600,202434.15,202434.15
62,2024-11-10,7,Age 28-48, Travel, UK,300x250,136549.46,136549.46
63,2024-10-24,30,Age 24-41, Fashion, UK,300x250,376333.92,376333.92
64,2024-11-21,4,Age 27-40, Health, Australia,300x250,64658.46,64658.46
65,2024-11-08,23,Age 27-36, Gaming, India,300x250,413204.43,413204.43
66,2024-12-17,17,Age 18-49, Travel, USA,300x250,142735.9,142735.9
67,2024-11-18,23,Age 26-40, Sports, India,300x250,194336.73,194336.73
68,2024-11-21,31,Age 23-46, Sports, India,300x250,452730.7,452730.7
69,2024-11-22,17,Age 28-39, Gaming, Germany,160x600,97764.45,97764.45
70,2024-11-09,19,Age 29-43, Fashion, Germany,160x600,277740.69,277740.69
71,2024-11-16,21,Age 28-48, Sports, USA,728x90,326906.5,326906.5
72,2024-11-20,18,Age 21-39, Sports, UK,728x90,418365.78,418365.78
73,2024-12-20,12,Age 23-48, Gaming, USA,160x600,357812.29,357812.29
74,2024-12-04,20,Age 24-34, Health, India,728x90,53797.96,53797.96
75,2024-12-08,26,Age 19-44, Travel, Australia,300x250,92306.52,92306.52
76,2024-11-26,18,Age 21-44, Sports, India,728x90,282291.52,282291.52
77,2024-12-15,2,Age 22-42, Fashion, UK,728x90,339297.71,339297.71
78,2024-11-10,19,Age 22-48, Fashion, India,300x250,483774.98,483774.98
79,2024-10-22,5,Age 28-36, Technology, Germany,300x250,418488.28,418488.28
80,2024-11-06,4,Age 25-48, Fashion, Germany,300x250,486731.88,486731.88
81,2024-11-17,21,Age 18-39, Fashion, UK,728x90,51200.99,51200.99
82,2024-12-17,23,Age 20-43, Education, USA,728x90,301354.41,301354.41
83,2024-11-28,1,Age 30-43, Finance, Australia,728x90,463108.79,463108.79
84,2024-11-30,5,Age 24-32, Education, USA,160x600,344155.98,344155.98
85,2024-11-29,11,Age 22-32, Health, USA,160x600,379304.89,379304.89
86,2024-12-02,19,Age 18-36, Health, Australia,300x250,267685.97,267685.97
87,2024-12-26,3,Age 30-40, Travel, UK,728x90,104976.18,104976.18
88,2024-11-13,26,Age 24-32, Gaming, UK,300x250,154154.15,154154.15
89,2024-12-23,31,Age 21-38, Fashion, India,300x250,24276.06,24276.06
90,2024-12-14,16,Age 19-44, Technology, Australia,728x90,356465.05,356465.05
91,2024-11-20,20,Age 23-49, Finance, Australia,160x600,185001.24,185001.24
92,2024-10-17,30,Age 18-33, Finance, Australia,160x600,137466.53,137466.53
93,2024-11-25,10,Age 26-46, Fashion, UK,160x600,278387.25,278387.25
94,2024-10-25,27,Age 23-32, Sports, Australia,160x600,425752.7,425752.7
95,2024-12-03,10,Age 21-31, Fashion, India,160x600,430575.29,430575.29
96,2024-12-01,30,Age 27-36, Finance, Germany,300x250,499554.78,499554.78
97,2024-12-09,20,Age 18-34, Finance, India,300x250,136347.87,136347.87
98,2024-11-23,6,Age 18-46, Gaming, Australia,160x600,328026.74,328026.74
99,2024-12-01,5,Age 19-49, Sports, USA,300x250,85495.19,85495.19
100,2024-11-17,31,Age 30-49, Fashion, UK,300x250,432598.92,432598.92
101,2024-10-21,14,Age 21-42, Sports, India,728x90,128120.9,128120.9
102,2024-11-20,25,Age 19-47, Education, USA,300x250,359306.26,359306.26
103,2024-11-17,26,Age 19-35, Travel, India,728x90,68291.0,68291.0
104,2024-11-07,31,Age 26-47, Gaming, Germany,728x90,289281.66,289281.66
105,2024-11-24,14,Age 19-50, Travel, USA,728x90,399953.88,399953.88
106,2024-11-24,29,Age 18-32, Travel, USA,300x250,52291.71,52291.71
107,2024-11-16,7,Age 24-42, Gaming, India,728x90,183204.2,183204.2
108,2024-12-16,25,Age 24-50, Gaming, Australia,160x600,42891.56,42891.56
109,2024-11-08,2,Age 30-40, Fashion, Australia,300x250,115852.0,115852.0
110,2024-11-07,10,Age 24-31, Finance, USA,300x250,488759.21,488759.21
111,2024-10-26,18,Age 26-31, Gaming, UK,300x250,262362.02,262362.02
112,2024-12-18,2,Age 18-50, Sports, UK,728x90,117463.39,117463.39
113,2024-10-24,1,Age 21-46, Technology, UK,728x90,239730.61,239730.61
114,2024-12-03,31,Age 21-49, Sports, USA,300x250,93331.92,93331.92
115,2024-12-05,15,Age 28-42, Finance, India,728x90,362362.59,362362.59
116,2024-11-20,29,Age 23-32, Health, USA,300x250,397591.61,397591.61
117,2024-11-29,6,Age 26-46, Sports, India,300x250,126651.6,126651.6
118,2024-11-15,8,Age 23-40, Travel, UK,160x600,15734.57,15734.57
119,2024-11-24,11,Age 20-43, Technology, Australia,160x600,148446.11,148446.11
120,2024-12-17,22,Age 22-43, Fashion, Germany,160x600,69203.54,69203.54
121,2024-11-09,25,Age 26-38, Technology, Germany,300x250,284903.27,284903.27
122,2024-11-04,11,Age 22-50, Travel, USA,160x600,251773.2,251773.2
123,2024-12-25,23,Age 19-46, Health, UK,300x250,282600.51,282600.51
124,2024-10-31,8,Age 24-37, Gaming, UK,160x600,339080.65,339080.65
125,2024-11-15,22,Age 25-35, Sports, UK,300x250,225960.49,225960.49
126,2024-11-18,5,Age 21-37, Health, USA,300x250,22776.32,22776.32
127,2024-12-05,25,Age 22-40, Health, UK,160x600,147273.12,147273.12
128,2024-11-29,2,Age 29-42, Travel, UK,160x600,392116.8,392116.8
129,2024-11-09,11,Age 24-48, Health, India,160x600,276774.42,276774.42
130,2024-10-23,8,Age 24-31, Sports, India,300x250,314975.29,314975.29
131,2024-11-08,6,Age 24-42, Technology, Australia,728x90,202327.9,202327.9
132,2024-10-29,15,Age 23-32, Technology, India,300x250,363809.29,363809.29
133,2024-10-30,11,Age 19-40, Fashion, USA,160x600,489786.5,489786.5
134,2024-11-11,18,Age 21-37, Technology, USA,728x90,494541.29,494541.29
135,2024-10-28,14,Age 20-48, Education, Australia,160x600,255074.2,255074.2
136,2024-11-16,5,Age 30-31, Gaming, USA,160x600,442942.86,442942.86
137,2024-11-12,2,Age 27-47, Finance, India,728x90,273440.21,273440.21
138,2024-12-08,22,Age 24-34, Technology, UK,300x250,403397.84,403397.84
139,2024-11-27,23,Age 20-49, Health, Australia,160x600,454881.09,454881.09
140,2024-10-28,5,Age 20-37, Fashion, UK,728x90,10131.94,10131.94
141,2024-12-11,26,Age 25-42, Health, UK,728x90,324456.21,324456.21
142,2024-12-05,6,Age 27-50, Health, India,300x250,451064.76,451064.76
143,2024-11-26,3,Age 23-34, Travel, USA,300x250,471668.22,471668.22
144,2024-10-23,19,Age 26-46, Fashion, Germany,728x90,328690.26,328690.26
145,2024-11-04,17,Age 25-43, Gaming, Germany,300x250,340556.01,340556.01
146,2024-10-20,1,Age 18-34, Finance, India,160x600,422761.08,422761.08
147,2024-11-01,9,Age 22-48, Gaming, Germany,728x90,275259.9,275259.9
148,2024-11-16,30,Age 30-35, Health, UK,160x600,48801.12,48801.12
149,2024-12-30,3,Age 21-31, Technology, Germany,160x600,306548.82,306548.82
150,2024-12-18,10,Age 26-46, Technology, India,728x90,428252.27,428252.27
151,2024-10-19,30,Age 29-43, Finance, India,300x250,45673.75,45673.75
152,2024-11-24,25,Age 22-33, Sports, Germany,728x90,177170.3,177170.3
153,2024-12-13,20,Age 22-48, Health, UK,300x250,92307.14,92307.14
154,2024-11-15,28,Age 20-33, Travel, Germany,300x250,386567.08,386567.08
155,2024-11-20,7,Age 25-37, Finance, UK,160x600,362850.34,362850.34
156,2024-11-18,1,Age 23-35, Health, India,300x250,187794.5,187794.5
157,2024-11-25,6,Age 30-32, Technology, USA,160x600,108299.25,108299.25
158,2024-12-03,19,Age 26-35, Travel, Australia,728x90,221215.44,221215.44
159,2024-11-19,26,Age 29-41, Finance, India,300x250,35378.71,35378.71
160,2024-12-22,31,Age 24-42, Fashion, Germany,300x250,199541.63,199541.63
161,2024-11-06,22,Age 24-33, Education, Germany,728x90,144591.72,144591.72
162,2024-11-21,6,Age 23-43, Fashion, India,160x600,145021.87,145021.87
163,2024-11-24,25,Age 20-42, Education, Australia,300x250,261821.29,261821.29
164,2024-11-23,7,Age 22-34, Finance, Australia,160x600,459886.57,459886.57
165,2024-12-02,17,Age 19-47, Health, Germany,728x90,359971.34,359971.34
166,2024-11-15,9,Age 18-37, Education, Germany,160x600,372202.7,372202.7
167,2024-10-23,8,Age 20-31, Sports, UK,300x250,189137.83,189137.83
168,2024-11-09,19,Age 18-48, Sports, UK,160x600,205374.76,205374.76
169,2024-12-07,17,Age 25-39, Education, Australia,728x90,158141.7,158141.7
170,2024-11-28,20,Age 24-45, Travel, India,160x600,343369.03,343369.03
171,2024-11-05,19,Age 21-40, Finance, USA,728x90,157640.08,157640.08
172,2024-12-07,1,Age 20-50, Health, Germany,160x600,319738.27,319738.27
173,2024-11-22,27,Age 22-31, Sports, Australia,160x600,90613.71,90613.71
174,2024-11-29,23,Age 27-31, Education, USA,160x600,119385.25,119385.25
175,2024-11-12,18,Age 19-46, Education, USA,300x250,49441.35,49441.35
176,2024-11-20,27,Age 19-47, Finance, UK,300x250,26398.91,26398.91
177,2024-12-05,1,Age 21-46, Education, USA,728x90,470466.51,470466.51
178,2024-11-25,13,Age 29-36, Travel, USA,300x250,412523.99,412523.99
179,2024-11-14,22,Age 27-43, Technology, Australia,728x90,427467.13,427467.13
180,2024-12-15,2,Age 27-40, Health, USA,300x250,448330.01,448330.01
181,2024-12-11,24,Age 20-34, Health, Australia,728x90,432675.06,432675.06
182,2024-11-13,31,Age 30-50, Education, India,300x250,45305.15,45305.15
183,2024-10-22,8,Age 22-47, Fashion, Australia,160x600,65903.17,65903.17
184,2024-11-30,28,Age 27-49, Gaming, India,300x250,117840.41,117840.41
185,2024-11-19,27,Age 24-32, Education, USA,728x90,174348.08,174348.08
186,2024-12-20,2,Age 26-41, Finance, USA,300x250,294502.62,294502.62
187,2024-12-05,24,Age 30-35, Fashion, Germany,728x90,360531.51,360531.51
188,2024-10-29,9,Age 27-31, Finance, Germany,300x250,39389.24,39389.24
189,2024-12-13,4,Age 19-37, Sports, Australia,300x250,147608.23,147608.23
190,2024-11-29,30,Age 28-38, Gaming, India,728x90,75465.14,75465.14
191,2024-11-01,29,Age 21-40, Education, Germany,300x250,208921.68,208921.68
192,2024-11-23,13,Age 24-45, Travel, Germany,160x600,22079.2,22079.2
193,2024-11-06,8,Age 20-36, Gaming, USA,728x90,95858.81,95858.81
194,2024-12-04,2,Age 25-38, Fashion, UK,300x250,12704.15,12704.15
195,2024-12-09,27,Age 27-33, Sports, USA,300x250,75407.58,75407.58
196,2024-10-19,7,Age 30-32, Technology, USA,160x600,437376.68,437376.68
197,2024-12-21,4,Age 27-44, Finance, UK,160x600,122524.93,122524.93
198,2024-11-03,28,Age 22-45, Technology, USA,728x90,492709.54,492709.54
199,2024-10-24,8,Age 29-50, Technology, Australia,160x600,109568.18,109568.18
200,2024-12-07,9,Age 20-50, Travel, India,300x250,450026.56,450026.56
201,2024-11-10,17,Age 23-48, Travel, USA,300x250,169631.73,169631.73
202,2024-12-14,9,Age 22-31, Technology, India,160x600,69324.34,69324.34
203,2024-11-28,28,Age 24-50, Health, USA,300x250,108034.54,108034.54
204,2024-11-15,10,Age 27-44, Gaming, Australia,728x90,94382.2,94382.2
205,2024-11-03,2,Age 26-48, Fashion, India,160x600,58713.13,58713.13
206,2024-11-18,29,Age 26-33, Sports, India,728x90,116428.67,116428.67
207,2024-11-09,8,Age 22-40, Education, UK,300x250,41810.03,41810.03
208,2024-12-24,31,Age 28-49, Fashion, Germany,300x250,70529.15,70529.15
209,2024-11-26,22,Age 22-42, Travel, India,728x90,412207.7,412207.7
210,2024-10-23,1,Age 29-43, Technology, Australia,160x600,39915.05,39915.05
211,2024-11-08,1,Age 27-41, Education, USA,300x250,21000.71,21000.71
212,2024-11-26,15,Age 18-36, Health, UK,160x600,120401.36,120401.36
213,2024-10-17,21,Age 24-45, Travel, UK,160x600,296893.63,296893.63
214,2024-11-01,28,Age 26-50, Travel, India,160x600,130688.62,130688.62
215,2024-11-01,21,Age 28-47, Finance, Germany,160x600,85798.0,85798.0
216,2024-11-04,24,Age 25-38, Fashion, Germany,728x90,155472.86,155472.86
217,2024-11-02,1,Age 28-49, Travel, India,160x600,215425.76,215425.76
218,2024-11-11,16,Age 21-34, Travel, India,160x600,30244.3,30244.3
219,2024-11-17,19,Age 25-36, Sports, Australia,300x250,135362.76,135362.76
220,2024-11-21,6,Age 18-49, Sports, USA,160x600,18191.49,18191.49
221,2024-10-26,15,Age 22-48, Travel, Australia,300x250,155480.87,155480.87
222,2024-11-12,7,Age 30-40, Travel, USA,300x250,371437.98,371437.98
223,2024-12-09,4,Age 28-34, Fashion, Australia,728x90,203909.01,203909.01
224,2024-12-16,4,Age 26-46, Sports, UK,728x90,327634.23,327634.23
225,2024-11-17,3,Age 24-50, Education, Australia,160x600,492892.55,492892.55
226,2024-11-01,9,Age 21-41, Fashion, Germany,160x600,295165.44,295165.44
227,2024-11-05,22,Age 27-35, Sports, India,300x250,358478.65,358478.65
228,2024-12-06,22,Age 29-47, Technology, USA,300x250,462767.4,462767.4
229,2024-11-21,25,Age 26-38, Sports, Germany,300x250,53773.08,53773.08
230,2024-11-30,5,Age 19-38, Travel, UK,300x250,217237.77,217237.77
231,2024-11-11,10,Age 23-45, Finance, Australia,728x90,244152.17,244152.17
232,2024-11-28,4,Age 21-49, Health, Germany,300x250,158712.57,158712.57
233,2024-11-06,12,Age 26-42, Finance, UK,728x90,104801.01,104801.01
234,2024-11-19,23,Age 25-44, Gaming, Germany,728x90,243107.94,243107.94
235,2024-11-28,6,Age 30-39, Sports, Germany,728x90,147546.2,147546.2
236,2024-11-11,19,Age 22-36, Gaming, Australia,300x250,41221.6,41221.6
237,2024-11-11,25,Age 23-40, Health, USA,160x600,204009.38,204009.38
238,2024-12-01,19,Age 26-44, Education, Germany,160x600,370291.9,370291.9
239,2024-12-23,25,Age 21-41, Fashion, India,300x250,448136.59,448136.59
240,2024-11-17,3,Age 27-48, Finance, India,728x90,367666.92,367666.92
241,2024-11-29,3,Age 19-41, Finance, Germany,160x600,459629.65,459629.65
242,2024-12-06,18,Age 22-34, Travel, Germany,300x250,134763.27,134763.27
243,2024-12-07,10,Age 24-48, Technology, India,728x90,106716.59,106716.59
244,2024-11-25,10,Age 29-33, Health, USA,160x600,394864.66,394864.66
245,2024-11-07,11,Age 22-32, Technology, USA,728x90,138284.12,138284.12
246,2024-12-08,27,Age 21-31, Fashion, USA,160x600,312590.05,312590.05
247,2024-11-04,7,Age 28-50, Health, UK,728x90,102831.73,102831.73
248,2024-12-23,10,Age 29-40, Technology, India,728x90,183904.19,183904.19
249,2024-11-16,30,Age 21-35, Gaming, Germany,160x600,260739.08,260739.08
250,2024-10-28,28,Age 22-49, Finance, Australia,160x600,199113.06,199113.06
251,2024-11-29,27,Age 26-40, Finance, UK,728x90,435347.01,435347.01
252,2024-12-04,19,Age 26-45, Technology, Australia,728x90,458058.09,458058.09
253,2024-11-29,8,Age 23-41, Gaming, Germany,300x250,300492.74,300492.74
254,2024-12-20,12,Age 27-50, Education, UK,728x90,483551.58,483551.58
255,2024-11-11,22,Age 28-32, Health, Germany,160x600,36444.56,36444.56
256,2024-11-04,1,Age 22-43, Sports, Germany,300x250,275226.38,275226.38
257,2024-10-31,18,Age 25-35, Technology, India,300x250,426417.07,426417.07
258,2024-11-02,27,Age 30-48, Education, USA,300x250,45718.73,45718.73
259,2024-12-23,10,Age 27-36, Education, Germany,728x90,277790.78,277790.78
260,2024-12-05,20,Age 27-48, Finance, UK,300x250,371649.32,371649.32
261,2024-12-02,11,Age 23-40, Education, Australia,728x90,44693.09,44693.09
262,2024-10-31,20,Age 23-40, Travel, USA,728x90,93394.35,93394.35
263,2024-10-27,19,Age 26-47, Sports, USA,300x250,146963.42,146963.42
264,2024-12-03,17,Age 26-45, Fashion, Germany,160x600,356292.49,356292.49
265,2024-11-05,15,Age 24-50, Gaming, USA,160x600,371251.54,371251.54
266,2024-10-29,14,Age 20-45, Fashion, Australia,160x600,160637.18,160637.18
267,2024-12-09,22,Age 25-42, Health, Australia,728x90,224786.94,224786.94
268,2024-11-08,20,Age 25-37, Gaming, Australia,160x600,452291.21,452291.21
269,2024-11-10,31,Age 27-35, Fashion, Germany,300x250,338681.39,338681.39
270,2024-11-13,24,Age 26-31, Education, Australia,300x250,180952.22,180952.22
271,2024-11-13,31,Age 27-35, Sports, India,160x600,385622.85,385622.85
272,2024-11-05,29,Age 23-50, Technology, UK,160x600,119971.64,119971.64
273,2024-11-11,17,Age 18-38, Sports, Australia,300x250,276551.11,276551.11
274,2024-12-17,22,Age 24-37, Finance, Australia,300x250,20320.29,20320.29
275,2024-12-18,24,Age 28-44, Finance, Germany,728x90,375367.56,375367.56
276,2024-10-30,11,Age 21-31, Gaming, Australia,160x600,433345.04,433345.04
277,2024-11-12,12,Age 29-32, Sports, India,160x600,241189.07,241189.07
278,2024-11-09,21,Age 28-49, Sports, Australia,160x600,136034.51,136034.51
279,2024-12-12,16,Age 29-40, Travel, UK,728x90,341414.33,341414.33
280,2024-11-03,21,Age 30-38, Technology, India,728x90,362990.24,362990.24
281,2024-11-12,24,Age 27-50, Finance, Germany,300x250,320232.01,320232.01
282,2024-11-21,30,Age 23-39, Education, USA,728x90,235105.28,235105.28
283,2024-11-20,29,Age 28-38, Gaming, Australia,300x250,403616.24,403616.24
284,2024-11-08,23,Age 30-47, Health, Australia,160x600,490885.68,490885.68
285,2024-12-23,23,Age 23-38, Fashion, USA,160x600,255296.82,255296.82
286,2024-11-29,29,Age 26-48, Gaming, Australia,728x90,402506.72,402506.72
287,2024-11-24,9,Age 29-39, Technology, USA,300x250,352417.45,352417.45
288,2024-11-05,10,Age 28-32, Sports, Australia,300x250,164596.44,164596.44
289,2024-11-18,31,Age 26-50, Travel, Germany,160x600,134246.1,134246.1
290,2024-11-09,17,Age 23-42, Travel, Germany,300x250,301838.17,301838.17
291,2024-10-23,7,Age 19-48, Finance, India,300x250,31074.44,31074.44
292,2024-12-15,9,Age 27-49, Travel, UK,728x90,294975.5,294975.5
293,2024-12-18,4,Age 21-47, Fashion, Germany,728x90,406404.67,406404.67
294,2024-12-17,6,Age 21-34, Sports, Germany,160x600,110148.2,110148.2
295,2024-11-03,18,Age 24-31, Technology, India,300x250,267755.69,267755.69
296,2024-11-10,3,Age 18-45, Education, Germany,300x250,287428.71,287428.71
297,2024-11-16,18,Age 29-33, Sports, Australia,300x250,316563.15,316563.15
298,2024-11-09,14,Age 22-36, Fashion, Germany,300x250,80355.43,80355.43
299,2024-10-18,7,Age 21-31, Gaming, USA,300x250,395477.88,395477.88
300,2024-12-08,16,Age 22-33, Education, UK,160x600,182137.67,182137.67
301,2024-11-30,8,Age 23-41, Travel, UK,728x90,278402.44,278402.44
302,2024-12-18,31,Age 26-45, Education, Australia,160x600,308920.59,308920.59
303,2024-11-30,25,Age 28-46, Education, USA,300x250,374508.85,374508.85
304,2024-11-09,27,Age 20-35, Fashion, USA,160x600,376455.03,376455.03
305,2024-11-06,9,Age 30-48, Gaming, Germany,160x600,93012.0,93012.0
306,2024-12-01,29,Age 29-31, Health, Germany,160x600,156300.0,156300.0
307,2024-12-04,25,Age 18-41, Education, Germany,300x250,102920.66,102920.66
308,2024-12-02,11,Age 29-35, Gaming, UK,160x600,483894.55,483894.55
309,2024-10-21,7,Age 20-40, Sports, Germany,300x250,336699.84,336699.84
310,2024-12-26,23,Age 25-48, Education, Germany,300x250,265527.08,265527.08
311,2024-12-02,1,Age 30-35, Finance, UK,160x600,246624.36,246624.36
312,2024-11-08,7,Age 28-31, Travel, India,728x90,283607.49,283607.49
313,2024-12-06,10,Age 22-32, Technology, USA,300x250,298738.87,298738.87
314,2024-11-11,12,Age 25-37, Finance, USA,300x250,408389.05,408389.05
315,2024-11-11,26,Age 22-31, Gaming, Germany,160x600,412473.42,412473.42
316,2024-10-25,15,Age 29-35, Technology, UK,300x250,410348.84,410348.84
317,2024-12-10,12,Age 19-46, Gaming, UK,160x600,107115.24,107115.24
318,2024-12-08,1,Age 24-38, Travel, India,160x600,10492.79,10492.79
319,2024-11-02,19,Age 21-42, Finance, USA,728x90,127025.21,127025.21
320,2024-11-30,3,Age 21-44, Sports, India,728x90,58687.04,58687.04
321,2024-10-29,30,Age 29-39, Finance, UK,300x250,250992.46,250992.46
322,2024-12-10,24,Age 19-40, Sports, UK,300x250,427493.34,427493.34
323,2024-11-05,6,Age 25-45, Health, UK,300x250,447379.45,447379.45
324,2024-11-05,4,Age 19-43, Fashion, USA,300x250,365477.17,365477.17
325,2024-11-22,25,Age 22-34, Gaming, India,160x600,447584.65,447584.65
326,2024-11-26,22,Age 27-42, Travel, India,300x250,223277.46,223277.46
327,2024-12-09,1,Age 22-41, Gaming, Australia,300x250,109942.17,109942.17
328,2024-11-03,27,Age 20-49, Technology, Germany,160x600,115783.29,115783.29
329,2024-11-20,24,Age 21-34, Education, Germany,728x90,259114.9,259114.9
330,2024-12-15,17,Age 25-40, Travel, UK,300x250,430064.32,430064.32
331,2024-11-10,19,Age 28-31, Technology, UK,300x250,147173.43,147173.43
332,2024-11-25,29,Age 26-45, Finance, Germany,728x90,46495.02,46495.02
333,2024-11-13,28,Age 23-44, Sports, UK,160x600,81431.52,81431.52
334,2024-12-10,9,Age 18-33, Gaming, India,160x600,473557.51,473557.51
335,2024-11-28,29,Age 27-33, Fashion, Germany,728x90,240837.57,240837.57
336,2024-11-13,21,Age 23-34, Education, Germany,728x90,334832.65,334832.65
337,2024-12-04,4,Age 26-38, Education, Germany,728x90,284527.36,284527.36
338,2024-11-16,27,Age 29-36, Health, USA,160x600,85398.86,85398.86
339,2024-11-18,27,Age 19-44, Technology, USA,160x600,113558.02,113558.02
340,2024-11-14,7,Age 20-31, Fashion, India,728x90,280554.85,280554.85
341,2024-11-27,6,Age 23-37, Travel, Germany,300x250,471861.84,471861.84
342,2024-10-17,7,Age 23-44, Education, UK,300x250,204297.15,204297.15
343,2024-11-04,29,Age 18-35, Gaming, USA,160x600,486917.71,486917.71
344,2024-11-14,22,Age 27-41, Technology, UK,300x250,407679.85,407679.85
345,2024-12-29,3,Age 23-50, Education, Australia,728x90,424238.08,424238.08
346,2024-10-15,14,Age 29-32, Gaming, USA,728x90,77923.03,77923.03
347,2024-12-18,24,Age 28-38, Travel, Germany,728x90,104239.96,104239.96
348,2024-12-08,27,Age 23-41, Sports, Germany,728x90,58194.89,58194.89
349,2024-10-23,11,Age 18-31, Technology, Australia,300x250,142862.01,142862.01
350,2024-11-11,29,Age 22-40, Fashion, Australia,300x250,33784.77,33784.77
351,2024-12-05,18,Age 22-43, Sports, UK,728x90,292330.69,292330.69
352,2024-10-22,14,Age 27-45, Finance, Germany,728x90,444240.45,444240.45
353,2024-11-18,13,Age 20-39, Travel, USA,728x90,223675.83,223675.83
354,2024-10-30,13,Age 29-46, Travel, India,160x600,383391.3,383391.3
355,2024-11-30,6,Age 29-40, Finance, Germany,300x250,97783.8,97783.8
356,2024-11-06,2,Age 19-42, Education, USA,160x600,317904.22,317904.22
357,2024-11-17,4,Age 27-37, Travel, USA,728x90,148896.89,148896.89
358,2024-12-03,11,Age 23-43, Gaming, Germany,728x90,124341.38,124341.38
359,2024-12-21,4,Age 18-43, Education, Germany,160x600,21667.98,21667.98
360,2024-12-16,31,Age 24-38, Health, India,728x90,68166.35,68166.35
361,2024-11-25,15,Age 25-38, Finance, India,300x250,17043.26,17043.26
362,2024-11-11,14,Age 22-31, Sports, Australia,728x90,27045.56,27045.56
363,2024-10-18,28,Age 21-36, Education, UK,300x250,236807.58,236807.58
364,2024-10-26,1,Age 30-35, Technology, USA,728x90,96280.33,96280.33
365,2024-10-29,15,Age 27-41, Finance, Australia,160x600,278020.85,278020.85
366,2024-12-04,15,Age 18-42, Education, UK,300x250,335857.01,335857.01
367,2024-11-04,26,Age 28-49, Sports, Germany,300x250,106814.23,106814.23
368,2024-12-08,22,Age 19-32, Education, India,300x250,373028.25,373028.25
369,2024-11-09,24,Age 18-45, Travel, Australia,160x600,102148.0,102148.0
370,2024-12-07,20,Age 27-43, Health, Australia,300x250,369848.44,369848.44
371,2024-11-03,7,Age 26-35, Technology, Australia,160x600,276505.18,276505.18
372,2024-11-23,1,Age 22-47, Finance, USA,300x250,123065.44,123065.44
373,2024-11-26,11,Age 22-31, Fashion, UK,300x250,190728.48,190728.48
374,2024-11-14,10,Age 28-35, Gaming, USA,300x250,423957.95,423957.95
375,2024-11-19,27,Age 20-43, Education, UK,160x600,11991.42,11991.42
376,2024-12-12,29,Age 24-35, Travel, UK,728x90,110218.48,110218.48
377,2024-11-01,15,Age 21-48, Fashion, USA,300x250,431557.24,431557.24
378,2024-11-01,9,Age 20-32, Health, UK,728x90,84140.48,84140.48
379,2024-10-20,14,Age 29-39, Technology, UK,160x600,228854.82,228854.82
380,2024-11-14,10,Age 28-35, Gaming, UK,160x600,80936.12,80936.12
381,2024-10-17,21,Age 18-50, Gaming, Germany,160x600,446497.14,446497.14
382,2024-10-30,21,Age 18-38, Technology, India,300x250,333989.2,333989.2
383,2024-10-19,30,Age 26-34, Technology, UK,160x600,78507.92,78507.92
384,2024-11-12,31,Age 20-42, Education, Germany,160x600,230032.66,230032.66
385,2024-12-19,3,Age 25-37, Fashion, UK,728x90,314731.72,314731.72
386,2024-10-23,21,Age 25-46, Sports, Germany,160x600,214226.33,214226.33
387,2024-11-23,1,Age 22-50, Fashion, UK,728x90,41946.7,41946.7
388,2024-11-05,20,Age 21-32, Health, Australia,300x250,238146.37,238146.37
389,2024-11-26,1,Age 27-33, Technology, India,728x90,331467.04,331467.04
390,2024-11-23,8,Age 18-31, Technology, Australia,300x250,431641.58,431641.58
391,2024-11-13,22,Age 20-34, Education, USA,160x600,448803.57,448803.57
392,2024-11-19,29,Age 21-38, Sports, UK,728x90,450578.95,450578.95
393,2024-10-19,8,Age 29-45, Finance, Australia,160x600,227756.9,227756.9
394,2024-11-08,9,Age 25-34, Travel, USA,300x250,118896.37,118896.37
395,2024-11-16,5,Age 24-49, Fashion, Australia,160x600,243708.26,243708.26
396,2024-12-21,16,Age 26-47, Sports, Australia,160x600,56034.92,56034.92
397,2024-11-27,28,Age 18-40, Health, Germany,728x90,213165.11,213165.11
398,2024-11-08,22,Age 26-38, Sports, UK,728x90,422479.41,422479.41
399,2024-10-18,7,Age 28-34, Health, Australia,300x250,341137.79,341137.79
400,2024-11-23,11,Age 30-44, Education, Germany,300x250,476279.56,476279.56
401,2024-12-12,2,Age 19-50, Travel, Germany,160x600,384669.0,384669.0
402,2024-12-21,4,Age 27-36, Technology, USA,300x250,371417.53,371417.53
403,2024-10-25,21,Age 24-46, Gaming, USA,160x600,271600.14,271600.14
404,2024-10-31,8,Age 22-40, Travel, India,728x90,29439.15,29439.15
405,2024-12-16,16,Age 26-47, Gaming, UK,300x250,76647.49,76647.49
406,2024-12-01,11,Age 19-49, Sports, Australia,728x90,46704.83,46704.83
407,2024-10-27,28,Age 27-33, Education, UK,728x90,325996.02,325996.02
408,2024-12-02,28,Age 23-43, Gaming, USA,728x90,228834.74,228834.74
409,2024-11-08,31,Age 26-43, Gaming, India,300x250,363580.65,363580.65
410,2024-11-25,13,Age 21-46, Sports, USA,300x250,307340.59,307340.59
411,2024-12-17,3,Age 28-43, Education, USA,300x250,427376.0,427376.0
412,2024-10-18,14,Age 24-35, Finance, India,728x90,440493.4,440493.4
413,2024-12-17,29,Age 30-50, Technology, Germany,728x90,149378.51,149378.51
414,2024-11-09,4,Age 21-39, Travel, Germany,728x90,380139.98,380139.98
415,2024-10-26,13,Age 22-35, Health, UK,728x90,219841.69,219841.69
416,2024-11-20,2,Age 24-46, Travel, Australia,300x250,418867.52,418867.52
417,2024-12-28,16,Age 22-35, Technology, UK,728x90,287644.49,287644.49
418,2024-12-03,20,Age 18-40, Gaming, Australia,728x90,276431.43,276431.43
419,2024-11-22,26,Age 24-40, Gaming, UK,160x600,467154.16,467154.16
420,2024-12-15,10,Age 20-36, Health, USA,160x600,85272.43,85272.43
421,2024-11-13,2,Age 19-47, Fashion, UK,300x250,408543.62,408543.62
422,2024-12-03,2,Age 30-48, Travel, UK,728x90,199669.82,199669.82
423,2024-11-12,9,Age 28-39, Education, UK,160x600,75181.22,75181.22
424,2024-12-13,4,Age 23-46, Health, USA,300x250,373067.55,373067.55
425,2024-11-05,19,Age 26-36, Finance, India,300x250,335301.01,335301.01
426,2024-12-11,29,Age 19-42, Fashion, India,300x250,405047.97,405047.97
427,2024-12-07,29,Age 23-41, Finance, Germany,160x600,403819.06,403819.06
428,2024-11-16,14,Age 25-47, Sports, Australia,300x250,193068.64,193068.64
429,2024-12-06,25,Age 28-39, Education, India,728x90,410524.7,410524.7
430,2024-11-14,11,Age 30-37, Fashion, Germany,160x600,87138.5,87138.5
431,2024-11-25,28,Age 19-45, Health, USA,160x600,164659.61,164659.61
432,2024-10-31,7,Age 29-47, Education, Germany,160x600,289020.37,289020.37
433,2024-11-21,31,Age 21-45, Travel, Germany,728x90,91387.25,91387.25
434,2024-11-03,1,Age 22-37, Travel, UK,300x250,33347.5,33347.5
435,2024-11-16,31,Age 28-47, Health, UK,728x90,148321.65,148321.65
436,2024-11-26,7,Age 27-48, Fashion, Germany,728x90,414770.69,414770.69
437,2024-11-17,30,Age 19-47, Gaming, USA,728x90,155418.82,155418.82
438,2024-12-08,27,Age 22-43, Finance, India,728x90,423885.41,423885.41
439,2024-10-31,28,Age 27-36, Education, Australia,728x90,223020.75,223020.75
440,2024-11-08,5,Age 21-34, Health, UK,160x600,136976.29,136976.29
441,2024-11-12,11,Age 25-48, Travel, USA,300x250,252574.49,252574.49
442,2024-11-25,27,Age 28-34, Gaming, UK,300x250,337237.43,337237.43
443,2024-11-21,28,Age 18-41, Health, UK,300x250,300236.56,300236.56
444,2024-11-26,25,Age 18-42, Travel, USA,160x600,92375.65,92375.65
445,2024-12-12,15,Age 20-47, Gaming, Australia,300x250,241786.48,241786.48
446,2024-11-16,16,Age 29-42, Technology, USA,728x90,277102.12,277102.12
447,2024-11-26,28,Age 28-31, Sports, Australia,300x250,189262.55,189262.55
448,2024-12-06,4,Age 20-39, Travel, UK,300x250,250554.35,250554.35
449,2024-11-29,29,Age 24-44, Sports, Australia,300x250,320684.0,320684.0
450,2024-11-07,5,Age 26-47, Finance, Australia,160x600,434305.27,434305.27
451,2024-12-10,22,Age 27-42, Gaming, Australia,300x250,383987.07,383987.07
452,2024-11-10,15,Age 27-41, Sports, USA,300x250,489748.33,489748.33
453,2024-11-05,11,Age 21-39, Education, Germany,160x600,423553.09,423553.09
454,2024-11-16,24,Age 20-40, Sports, Germany,728x90,125381.52,125381.52
455,2024-10-23,1,Age 29-33, Fashion, India,728x90,76928.01,76928.01
456,2024-11-22,2,Age 23-43, Finance, Australia,300x250,208184.6,208184.6
457,2024-12-08,19,Age 23-35, Fashion, UK,160x600,470467.52,470467.52
458,2024-11-09,16,Age 26-31, Fashion, Australia,728x90,182753.01,182753.01
459,2024-12-05,27,Age 22-40, Health, USA,300x250,289611.79,289611.79
460,2024-11-17,12,Age 18-36, Education, USA,300x250,297876.26,297876.26
461,2024-11-22,7,Age 23-35, Sports, India,728x90,364827.62,364827.62
462,2024-11-19,11,Age 25-44, Travel, USA,728x90,394150.13,394150.13
463,2024-11-03,1,Age 20-37, Sports, Germany,728x90,381534.9,381534.9
464,2024-11-20,26,Age 24-37, Finance, Australia,300x250,218715.37,218715.37
465,2024-10-21,8,Age 23-48, Fashion, India,160x600,282325.08,282325.08
466,2024-10-28,20,Age 19-35, Education, Germany,300x250,200745.44,200745.44
467,2024-11-27,15,Age 28-32, Sports, UK,728x90,169330.01,169330.01
468,2024-10-26,28,Age 28-36, Travel, India,300x250,413715.61,413715.61
469,2024-11-02,29,Age 18-36, Fashion, Germany,728x90,110580.77,110580.77
470,2024-11-18,5,Age 25-40, Finance, Australia,160x600,261602.92,261602.92
471,2024-11-29,20,Age 18-35, Sports, UK,300x250,203851.59,203851.59
472,2024-10-30,28,Age 26-47, Health, India,300x250,185740.93,185740.93
473,2024-12-07,22,Age 24-39, Finance, Germany,300x250,416378.52,416378.52
474,2024-11-26,16,Age 28-38, Travel, USA,160x600,204902.21,204902.21
475,2024-12-02,2,Age 25-38, Sports, Australia,160x600,257086.67,257086.67
476,2024-11-20,30,Age 24-43, Health, Germany,300x250,400714.4,400714.4
477,2024-12-01,29,Age 27-40, Sports, Australia,728x90,213389.2,213389.2
478,2024-11-08,29,Age 28-42, Gaming, Australia,728x90,193928.01,193928.01
479,2024-12-18,31,Age 28-47, Finance, India,300x250,277291.26,277291.26
480,2024-11-19,13,Age 18-49, Gaming, India,728x90,61280.79,61280.79
481,2024-11-27,31,Age 22-40, Education, Australia,160x600,90741.14,90741.14
482,2024-12-11,15,Age 23-50, Travel, Australia,728x90,136414.43,136414.43
483,2024-10-27,18,Age 29-48, Travel, Australia,300x250,421851.87,421851.87
484,2024-11-02,1,Age 22-37, Fashion, Germany,728x90,143221.41,143221.41
485,2024-11-19,20,Age 25-39, Education, India,728x90,302379.47,302379.47
486,2024-11-09,15,Age 19-32, Travel, Australia,160x600,274607.99,274607.99
487,2024-12-10,23,Age 18-35, Health, USA,728x90,323768.3,323768.3
488,2024-10-21,8,Age 25-36, Health, UK,300x250,240399.04,240399.04
489,2024-12-05,16,Age 20-35, Sports, USA,160x600,82098.12,82098.12
490,2024-10-20,7,Age 20-47, Health, UK,728x90,145535.08,145535.08
491,2024-11-17,30,Age 23-46, Finance, Australia,160x600,426794.85,426794.85
492,2024-10-30,21,Age 22-33, Education, UK,300x250,335236.41,335236.41
493,2024-11-10,21,Age 25-38, Gaming, USA,160x600,475610.33,475610.33
494,2024-11-11,23,Age 27-31, Technology, Australia,728x90,318176.69,318176.69
495,2024-11-21,13,Age 18-47, Health, Australia,300x250,65366.81,65366.81
496,2024-11-27,2,Age 21-48, Fashion, USA,300x250,177857.56,177857.56
497,2024-11-07,28,Age 20-40, Gaming, UK,300x250,270680.55,270680.55
498,2024-10-30,14,Age 21-31, Sports, UK,300x250,471326.45,471326.45
499,2024-11-12,14,Age 23-37, Sports, Germany,160x600,62593.08,62593.08
500,2024-10-28,9,Age 20-34, Gaming, India,160x600,459369.45,459369.45
501,2024-12-15,10,Age 21-33, Health, Australia,300x250,261834.45,261834.45
502,2024-11-11,18,Age 25-35, Technology, India,300x250,79465.34,79465.34
503,2024-12-04,7,Age 22-49, Travel, India,160x600,382336.93,382336.93
504,2024-11-15,1,Age 19-39, Finance, India,300x250,104422.56,104422.56
505,2024-10-18,5,Age 19-42, Travel, Germany,728x90,78308.18,78308.18
506,2024-11-01,19,Age 20-48, Health, Germany,160x600,487390.35,487390.35
507,2024-11-25,19,Age 30-37, Travel, India,160x600,17303.98,17303.98
508,2024-12-03,29,Age 26-48, Technology, Germany,300x250,413288.69,413288.69
509,2024-11-17,3,Age 22-48, Technology, UK,728x90,326683.09,326683.09
510,2024-10-17,13,Age 22-49, Finance, USA,160x600,361410.52,361410.52
511,2024-12-13,16,Age 18-36, Education, Australia,300x250,69132.68,69132.68
512,2024-11-30,5,Age 22-43, Fashion, Germany,160x600,151592.57,151592.57
513,2024-11-11,23,Age 20-40, Education, UK,300x250,44854.38,44854.38
514,2024-12-01,3,Age 21-32, Education, UK,728x90,146495.06,146495.06
515,2024-11-27,22,Age 28-37, Finance, Australia,300x250,409938.48,409938.48
516,2024-11-18,24,Age 19-43, Technology, USA,160x600,291680.88,291680.88
517,2024-11-12,25,Age 26-48, Technology, UK,728x90,155828.93,155828.93
518,2024-11-17,26,Age 27-32, Health, Australia,300x250,116674.98,116674.98
519,2024-11-03,9,Age 24-47, Gaming, Germany,160x600,433582.83,433582.83
520,2024-10-25,15,Age 23-42, Health, Germany,160x600,33239.17,33239.17
521,2024-11-28,29,Age 26-34, Technology, India,300x250,367165.83,367165.83
522,2024-11-08,30,Age 21-34, Finance, Australia,728x90,108009.48,108009.48
523,2024-12-14,17,Age 21-41, Education, Germany,300x250,22589.16,22589.16
524,2024-12-11,16,Age 23-48, Travel, Australia,160x600,73480.1,73480.1
525,2024-11-19,27,Age 22-50, Fashion, Germany,300x250,111700.2,111700.2
526,2024-12-19,22,Age 18-50, Finance, India,728x90,343670.67,343670.67
527,2024-12-04,8,Age 29-47, Finance, Australia,300x250,455423.07,455423.07
528,2024-10-28,20,Age 30-40, Travel, Germany,728x90,288080.51,288080.51
529,2024-12-07,31,Age 25-46, Technology, India,300x250,470703.88,470703.88
530,2024-11-17,18,Age 27-34, Finance, India,300x250,40998.73,40998.73
531,2024-12-06,12,Age 23-45, Travel, Australia,728x90,96780.09,96780.09
532,2024-12-03,27,Age 27-46, Education, Germany,728x90,323955.52,323955.52
533,2024-11-26,8,Age 20-34, Travel, Germany,728x90,393209.87,393209.87
534,2024-12-02,9,Age 28-35, Education, USA,160x600,287803.22,287803.22
535,2024-10-17,28,Age 23-39, Education, India,300x250,327631.85,327631.85
536,2024-11-14,15,Age 26-50, Health, USA,728x90,42919.06,42919.06
537,2024-11-25,5,Age 20-34, Technology, India,300x250,145588.07,145588.07
538,2024-11-11,28,Age 22-48, Finance, India,160x600,435829.96,435829.96
539,2024-12-12,15,Age 23-34, Technology, Australia,728x90,469288.26,469288.26
540,2024-11-04,9,Age 27-43, Sports, USA,728x90,407222.3,407222.3
541,2024-11-15,1,Age 26-32, Fashion, Germany,728x90,198923.66,198923.66
542,2024-12-03,19,Age 26-43, Technology, UK,728x90,315605.04,315605.04
543,2024-12-05,11,Age 20-41, Sports, Germany,728x90,56121.66,56121.66
544,2024-11-20,17,Age 21-36, Travel, USA,300x250,402290.69,402290.69
545,2024-12-02,31,Age 29-44, Technology, Germany,300x250,334256.05,334256.05
546,2024-11-11,27,Age 27-31, Technology, Australia,300x250,310798.06,310798.06
547,2024-10-31,24,Age 26-48, Technology, India,160x600,102793.85,102793.85
548,2024-10-29,11,Age 25-36, Finance, Germany,300x250,135196.87,135196.87
549,2024-11-12,29,Age 18-48, Technology, UK,160x600,355533.93,355533.93
550,2024-12-17,31,Age 20-47, Education, India,728x90,180857.2,180857.2
551,2024-11-09,29,Age 24-37, Sports, UK,300x250,483276.95,483276.95
552,2024-11-20,15,Age 30-50, Gaming, Australia,160x600,80958.66,80958.66
553,2024-11-12,12,Age 25-39, Fashion, Australia,160x600,241185.1,241185.1
554,2024-11-30,23,Age 27-47, Education, India,160x600,108232.29,108232.29
555,2024-10-26,28,Age 26-49, Technology, Germany,160x600,284506.82,284506.82
556,2024-11-16,26,Age 25-48, Finance, Germany,160x600,499193.57,499193.57
557,2024-11-24,26,Age 22-49, Sports, Australia,300x250,451276.42,451276.42
558,2024-11-03,1,Age 19-48, Travel, India,728x90,461819.88,461819.88
559,2024-12-13,17,Age 29-33, Technology, India,728x90,431940.05,431940.05
560,2024-12-11,27,Age 26-49, Travel, USA,160x600,210366.49,210366.49
561,2024-12-01,11,Age 23-40, Gaming, USA,300x250,75840.42,75840.42
562,2024-11-05,10,Age 29-48, Health, Germany,300x250,453333.7,453333.7
563,2024-12-04,22,Age 24-44, Finance, Germany,160x600,145606.88,145606.88
564,2024-12-06,23,Age 25-47, Technology, India,300x250,177177.37,177177.37
565,2024-12-01,3,Age 24-35, Technology, UK,728x90,475056.33,475056.33
566,2024-11-13,31,Age 19-34, Gaming, UK,300x250,223422.1,223422.1
567,2024-11-28,19,Age 29-49, Health, India,160x600,292147.93,292147.93
568,2024-12-03,20,Age 18-46, Fashion, India,728x90,139282.03,139282.03
569,2024-12-13,16,Age 22-48, Travel, USA,160x600,348901.63,348901.63
570,2024-10-23,26,Age 24-47, Sports, Australia,160x600,363817.43,363817.43
571,2024-11-22,16,Age 18-33, Sports, UK,300x250,357173.0,357173.0
572,2024-11-24,12,Age 24-45, Health, India,160x600,473779.98,473779.98
573,2024-10-20,21,Age 28-49, Health, Germany,300x250,419968.15,419968.15
574,2024-11-25,26,Age 27-44, Travel, India,728x90,451543.4,451543.4
575,2024-11-19,8,Age 18-34, Travel, Australia,160x600,55071.33,55071.33
576,2024-11-15,24,Age 22-44, Travel, UK,728x90,219479.09,219479.09
577,2024-11-25,17,Age 24-31, Finance, Germany,300x250,420087.34,420087.34
578,2024-11-06,9,Age 22-36, Sports, UK,728x90,410683.09,410683.09
579,2024-12-08,8,Age 19-47, Gaming, UK,160x600,452596.5,452596.5
580,2024-11-15,18,Age 21-36, Sports, USA,300x250,284319.98,284319.98
581,2024-10-24,21,Age 27-37, Technology, India,728x90,459080.19,459080.19
582,2024-11-12,17,Age 29-46, Finance, UK,300x250,430786.85,430786.85
583,2024-11-27,23,Age 22-37, Travel, Germany,300x250,30480.75,30480.75
584,2024-12-01,6,Age 23-43, Finance, India,160x600,472395.65,472395.65
585,2024-11-19,24,Age 27-34, Education, Germany,300x250,392414.24,392414.24
586,2024-12-15,10,Age 19-39, Health, Germany,300x250,354655.45,354655.45
587,2024-12-02,16,Age 20-31, Technology, India,300x250,407117.78,407117.78
588,2024-11-19,15,Age 23-31, Technology, USA,728x90,76797.52,76797.52
589,2024-12-05,31,Age 26-34, Education, USA,728x90,366344.56,366344.56
590,2024-11-13,17,Age 20-42, Finance, Australia,160x600,43840.44,43840.44
591,2024-11-19,6,Age 30-41, Technology, UK,160x600,277057.39,277057.39
592,2024-11-13,25,Age 24-38, Fashion, UK,728x90,49232.4,49232.4
593,2024-11-07,30,Age 28-41, Education, Australia,300x250,200194.75,200194.75
594,2024-12-03,26,Age 26-47, Education, Germany,160x600,343213.12,343213.12
595,2024-11-14,16,Age 26-44, Technology, UK,728x90,353021.23,353021.23
596,2024-12-03,9,Age 24-32, Gaming, India,160x600,348553.25,348553.25
597,2024-12-15,10,Age 29-32, Health, Australia,728x90,28585.09,28585.09
598,2024-11-21,31,Age 30-35, Education, Germany,160x600,88944.24,88944.24
599,2024-11-20,11,Age 21-37, Gaming, USA,300x250,376332.9,376332.9
600,2024-12-22,12,Age 29-41, Health, Germany,160x600,386499.62,386499.62
601,2024-12-01,11,Age 28-39, Education, India,300x250,490247.32,490247.32
602,2024-12-17,10,Age 20-42, Finance, USA,160x600,222701.13,222701.13
603,2024-12-15,31,Age 28-43, Technology, Germany,300x250,351123.89,351123.89
604,2024-11-11,9,Age 24-42, Sports, India,728x90,471367.37,471367.37
605,2024-11-11,22,Age 19-41, Finance, India,300x250,391630.67,391630.67
606,2024-11-14,9,Age 29-36, Health, Germany,728x90,272294.23,272294.23
607,2024-10-27,11,Age 23-42, Finance, Australia,728x90,48141.34,48141.34
608,2024-12-01,29,Age 20-44, Technology, USA,300x250,391625.72,391625.72
609,2024-11-17,20,Age 21-35, Technology, UK,160x600,90784.78,90784.78
610,2024-12-15,3,Age 25-36, Technology, Germany,728x90,264149.91,264149.91
611,2024-11-18,19,Age 29-38, Gaming, India,728x90,495644.54,495644.54
612,2024-10-27,19,Age 30-34, Health, Australia,160x600,363911.54,363911.54
613,2024-10-27,18,Age 27-42, Travel, UK,300x250,82323.87,82323.87
614,2024-11-16,8,Age 22-48, Fashion, Australia,160x600,351446.86,351446.86
615,2024-11-16,21,Age 28-39, Sports, Germany,728x90,15905.71,15905.71
616,2024-11-08,30,Age 26-36, Education, Australia,728x90,337554.15,337554.15
617,2024-12-29,3,Age 20-39, Sports, India,300x250,237287.49,237287.49
618,2024-10-27,27,Age 19-45, Education, UK,728x90,316259.07,316259.07
619,2024-11-14,15,Age 25-50, Education, USA,160x600,449994.14,449994.14
620,2024-12-11,29,Age 27-33, Education, India,160x600,23527.69,23527.69
621,2024-11-15,22,Age 25-42, Travel, UK,300x250,53414.12,53414.12
622,2024-12-12,24,Age 23-43, Health, India,160x600,183261.26,183261.26
623,2024-11-25,11,Age 21-50, Fashion, Germany,300x250,18755.67,18755.67
624,2024-12-06,4,Age 19-31, Education, USA,728x90,424807.43,424807.43
625,2024-11-24,20,Age 29-42, Gaming, UK,728x90,438433.06,438433.06
626,2024-11-15,6,Age 23-40, Fashion, Australia,160x600,46989.91,46989.91
627,2024-12-10,19,Age 30-50, Health, India,728x90,168257.73,168257.73
628,2024-11-18,21,Age 19-47, Finance, UK,300x250,497146.16,497146.16
629,2024-11-12,19,Age 21-47, Health, India,300x250,444969.83,444969.83
630,2024-11-11,19,Age 18-50, Fashion, USA,728x90,293859.51,293859.51
631,2024-12-28,23,Age 30-41, Finance, India,300x250,66516.59,66516.59
632,2024-11-08,2,Age 24-33, Sports, Australia,300x250,22768.16,22768.16
633,2024-11-30,5,Age 23-38, Education, Australia,160x600,181469.34,181469.34
634,2024-12-05,31,Age 25-44, Health, UK,160x600,490646.76,490646.76
635,2024-11-02,7,Age 20-48, Sports, UK,728x90,58060.47,58060.47
636,2024-11-09,7,Age 22-45, Fashion, Australia,300x250,258024.24,258024.24
637,2024-12-06,8,Age 22-41, Gaming, Australia,160x600,109131.72,109131.72
638,2024-11-13,21,Age 24-50, Health, India,300x250,248803.95,248803.95
639,2024-11-28,31,Age 29-33, Technology, Germany,728x90,89473.45,89473.45
640,2024-10-24,8,Age 18-35, Finance, UK,728x90,330218.41,330218.41
641,2024-11-18,22,Age 30-49, Finance, UK,728x90,312370.15,312370.15
642,2024-11-02,27,Age 23-42, Fashion, India,160x600,115476.34,115476.34
643,2024-11-05,11,Age 30-46, Sports, Germany,160x600,451886.6,451886.6
644,2024-10-21,14,Age 25-50, Technology, USA,300x250,184227.86,184227.86
645,2024-12-09,26,Age 22-38, Health, UK,728x90,483117.14,483117.14
646,2024-11-12,27,Age 22-35, Sports, UK,160x600,367442.72,367442.72
647,2024-11-01,15,Age 30-43, Health, UK,300x250,173657.5,173657.5
648,2024-11-21,5,Age 22-42, Fashion, India,300x250,186077.7,186077.7
649,2024-10-21,8,Age 19-36, Fashion, Germany,728x90,323508.73,323508.73
650,2024-12-14,25,Age 21-38, Health, India,300x250,38998.15,38998.15
651,2024-11-03,14,Age 28-39, Fashion, Australia,160x600,297623.35,297623.35
652,2024-11-13,22,Age 28-43, Health, Germany,728x90,62768.68,62768.68
653,2024-11-28,5,Age 19-37, Travel, Australia,300x250,88747.9,88747.9
654,2024-12-17,29,Age 29-34, Health, UK,300x250,211132.14,211132.14
655,2024-12-01,23,Age 23-48, Finance, India,300x250,22831.49,22831.49
656,2024-10-17,28,Age 27-41, Finance, India,160x600,29056.14,29056.14
657,2024-12-17,23,Age 23-48, Health, India,300x250,200462.86,200462.86
658,2024-11-10,14,Age 30-40, Health, USA,300x250,121171.03,121171.03
659,2024-11-01,8,Age 26-46, Technology, UK,160x600,67530.42,67530.42
660,2024-11-22,8,Age 28-46, Finance, USA,300x250,31290.32,31290.32
661,2024-12-12,15,Age 18-40, Sports, Australia,160x600,426639.45,426639.45
662,2024-12-05,2,Age 23-49, Travel, UK,728x90,246797.98,246797.98
663,2024-11-07,21,Age 30-49, Travel, UK,300x250,311775.3,311775.3
664,2024-12-04,20,Age 27-41, Fashion, USA,300x250,144747.87,144747.87
665,2024-10-31,30,Age 24-47, Finance, Germany,728x90,45577.65,45577.65
666,2024-10-29,21,Age 21-50, Fashion, Germany,728x90,212918.44,212918.44
667,2024-12-04,8,Age 23-32, Gaming, Germany,160x600,114591.85,114591.85
668,2024-12-14,16,Age 20-35, Fashion, India,160x600,177541.35,177541.35
669,2024-11-20,11,Age 21-50, Sports, Australia,160x600,105799.8,105799.8
670,2024-11-07,20,Age 28-42, Gaming, Australia,300x250,495385.65,495385.65
671,2024-11-25,8,Age 21-31, Travel, USA,300x250,245823.96,245823.96
672,2024-12-04,15,Age 19-36, Finance, USA,300x250,449816.04,449816.04
673,2024-11-22,1,Age 30-34, Technology, Australia,160x600,356043.7,356043.7
674,2024-11-03,17,Age 29-45, Sports, USA,160x600,115705.01,115705.01
675,2024-11-26,7,Age 25-40, Travel, USA,728x90,303306.55,303306.55
676,2024-11-29,4,Age 26-43, Technology, Germany,300x250,182453.71,182453.71
677,2024-11-29,29,Age 25-48, Gaming, Germany,300x250,24651.08,24651.08
678,2024-11-20,24,Age 19-47, Travel, India,160x600,488025.5,488025.5
679,2024-12-22,16,Age 24-36, Fashion, UK,728x90,472784.87,472784.87
680,2024-10-26,11,Age 26-50, Sports, Australia,160x600,284961.33,284961.33
681,2024-12-02,25,Age 20-50, Gaming, Germany,160x600,476170.18,476170.18
682,2024-11-08,4,Age 24-47, Health, India,160x600,395400.14,395400.14
683,2024-11-25,14,Age 25-32, Finance, Germany,728x90,421188.81,421188.81
684,2024-12-13,22,Age 25-40, Health, Australia,300x250,160254.15,160254.15
685,2024-10-24,13,Age 30-38, Health, UK,728x90,315351.11,315351.11
686,2024-11-11,13,Age 21-33, Travel, Australia,160x600,493686.74,493686.74
687,2024-11-22,15,Age 25-32, Finance, UK,728x90,247690.57,247690.57
688,2024-10-31,6,Age 30-41, Finance, Germany,728x90,484822.07,484822.07
689,2024-12-08,16,Age 24-50, Gaming, India,300x250,356597.32,356597.32
690,2024-11-25,15,Age 21-37, Health, Germany,300x250,232489.59,232489.59
691,2024-12-18,2,Age 20-37, Fashion, UK,300x250,406121.14,406121.14
692,2024-11-29,13,Age 23-45, Gaming, USA,300x250,119158.91,119158.91
693,2024-11-19,9,Age 18-45, Sports, Germany,300x250,250145.41,250145.41
694,2024-11-20,12,Age 22-42, Travel, UK,300x250,157093.17,157093.17
695,2024-11-16,10,Age 19-33, Technology, India,160x600,250234.32,250234.32
696,2024-11-06,18,Age 20-45, Travel, Germany,160x600,85760.12,85760.12
697,2024-11-09,10,Age 19-44, Gaming, USA,160x600,333798.18,333798.18
698,2024-11-23,27,Age 24-43, Fashion, India,160x600,209883.14,209883.14
699,2024-10-28,6,Age 19-39, Fashion, Germany,300x250,316933.77,316933.77
700,2024-11-09,10,Age 28-34, Fashion, UK,300x250,290804.36,290804.36
701,2024-11-01,18,Age 27-44, Travel, Germany,300x250,336787.46,336787.46
702,2024-11-12,22,Age 25-48, Finance, USA,728x90,440201.48,440201.48
703,2024-11-04,11,Age 27-38, Health, Australia,300x250,255744.32,255744.32
704,2024-11-09,16,Age 18-50, Health, USA,160x600,338272.57,338272.57
705,2024-10-30,15,Age 27-37, Technology, USA,728x90,303319.17,303319.17
706,2024-11-24,12,Age 24-32, Sports, Germany,160x600,235106.51,235106.51
707,2024-12-04,31,Age 21-34, Education, Germany,300x250,484794.56,484794.56
708,2024-11-10,17,Age 25-43, Sports, UK,728x90,391208.36,391208.36
709,2024-11-22,29,Age 23-42, Sports, Australia,300x250,167720.67,167720.67
710,2024-11-21,22,Age 22-40, Fashion, Australia,160x600,437280.5,437280.5
711,2024-11-19,23,Age 24-36, Sports, UK,160x600,112363.62,112363.62
712,2024-11-17,18,Age 19-50, Fashion, India,300x250,155887.89,155887.89
713,2024-11-02,19,Age 18-50, Gaming, Germany,160x600,224910.53,224910.53
714,2024-11-21,29,Age 27-49, Fashion, Australia,160x600,25580.39,25580.39
715,2024-11-12,11,Age 18-38, Technology, Germany,160x600,213737.4,213737.4
716,2024-11-15,25,Age 18-39, Finance, India,160x600,96698.14,96698.14
717,2024-12-18,17,Age 18-42, Fashion, UK,728x90,260952.11,260952.11
718,2024-10-30,11,Age 30-47, Health, Australia,728x90,374767.29,374767.29
719,2024-12-06,27,Age 18-46, Sports, Germany,160x600,322527.11,322527.11
720,2024-12-18,10,Age 25-49, Health, USA,300x250,10453.4,10453.4
721,2024-11-04,5,Age 20-35, Health, USA,300x250,265370.08,265370.08
722,2024-12-15,6,Age 22-50, Health, Australia,300x250,340681.21,340681.21
723,2024-12-01,13,Age 29-48, Gaming, India,160x600,462097.95,462097.95
724,2024-10-23,21,Age 26-39, Travel, UK,300x250,321558.92,321558.92
725,2024-11-25,28,Age 27-50, Gaming, Germany,300x250,468576.29,468576.29
726,2024-10-22,19,Age 20-45, Travel, India,300x250,87452.28,87452.28
727,2024-11-30,29,Age 27-32, Education, USA,300x250,171714.88,171714.88
728,2024-11-29,5,Age 24-31, Technology, Germany,300x250,218318.85,218318.85
729,2024-12-19,17,Age 19-33, Finance, USA,728x90,312457.97,312457.97
730,2024-11-11,27,Age 27-40, Sports, India,300x250,495513.31,495513.31
731,2024-12-19,25,Age 23-33, Sports, UK,728x90,169805.28,169805.28
732,2024-12-11,4,Age 28-49, Education, India,160x600,213092.23,213092.23
733,2024-12-01,16,Age 30-41, Education, USA,160x600,219565.46,219565.46
734,2024-11-12,25,Age 19-44, Sports, UK,160x600,98791.16,98791.16
735,2024-11-22,17,Age 21-44, Education, UK,300x250,199206.1,199206.1
736,2024-11-17,29,Age 26-31, Gaming, Germany,160x600,367011.85,367011.85
737,2024-12-10,2,Age 25-42, Travel, USA,300x250,121000.08,121000.08
738,2024-11-20,11,Age 29-32, Sports, Australia,160x600,320631.6,320631.6
739,2024-11-18,28,Age 26-44, Technology, Australia,728x90,360999.21,360999.21
740,2024-12-08,6,Age 25-35, Fashion, UK,160x600,491338.89,491338.89
741,2024-11-25,20,Age 27-46, Technology, Germany,300x250,50510.6,50510.6
742,2024-12-14,6,Age 25-48, Technology, USA,160x600,420032.71,420032.71
743,2024-11-20,12,Age 24-44, Gaming, India,728x90,182871.87,182871.87
744,2024-11-06,13,Age 19-41, Fashion, India,160x600,155030.98,155030.98
745,2024-11-23,25,Age 27-44, Education, USA,300x250,383526.93,383526.93
746,2024-11-07,5,Age 25-47, Education, Australia,728x90,150834.91,150834.91
747,2024-10-17,7,Age 25-38, Health, India,160x600,423100.9,423100.9
748,2024-12-17,22,Age 19-46, Health, Germany,728x90,342542.93,342542.93
749,2024-12-16,16,Age 27-43, Sports, Australia,300x250,399462.88,399462.88
750,2024-12-04,19,Age 30-40, Travel, Germany,300x250,402269.6,402269.6
751,2024-11-04,11,Age 29-31, Fashion, UK,728x90,132092.45,132092.45
752,2024-11-27,1,Age 19-33, Finance, Australia,300x250,12139.88,12139.88
753,2024-11-22,12,Age 18-41, Fashion, Germany,728x90,272328.17,272328.17
754,2024-11-16,16,Age 19-41, Fashion, UK,160x600,261057.45,261057.45
755,2024-11-18,18,Age 24-46, Finance, USA,300x250,222225.59,222225.59
756,2024-11-27,11,Age 25-43, Education, USA,728x90,433449.44,433449.44
757,2024-11-21,20,Age 19-36, Education, Australia,300x250,412989.35,412989.35
758,2024-12-16,31,Age 25-50, Travel, Germany,300x250,103469.96,103469.96
759,2024-11-20,24,Age 22-47, Health, India,728x90,131837.17,131837.17
760,2024-11-11,21,Age 29-36, Gaming, India,728x90,398401.93,398401.93
761,2024-12-04,22,Age 28-39, Gaming, UK,300x250,82894.54,82894.54
762,2024-11-02,29,Age 24-42, Gaming, Australia,300x250,148956.55,148956.55
763,2024-12-14,4,Age 21-46, Finance, UK,300x250,489735.43,489735.43
764,2024-11-07,13,Age 28-41, Technology, USA,300x250,281226.16,281226.16
765,2024-11-01,14,Age 25-36, Finance, Germany,728x90,437886.87,437886.87
766,2024-12-23,23,Age 22-38, Sports, Australia,728x90,490770.29,490770.29
767,2024-10-19,30,Age 19-36, Sports, Germany,300x250,16273.77,16273.77
768,2024-11-28,1,Age 21-44, Education, Australia,160x600,480629.69,480629.69
769,2024-12-07,9,Age 28-44, Travel, Australia,728x90,384220.94,384220.94
770,2024-12-02,25,Age 20-42, Travel, UK,728x90,408322.2,408322.2
771,2024-12-11,10,Age 25-31, Health, USA,728x90,371845.24,371845.24
772,2024-11-18,13,Age 28-47, Gaming, USA,728x90,31468.43,31468.43
773,2024-11-06,9,Age 18-40, Gaming, USA,728x90,238473.66,238473.66
774,2024-11-22,25,Age 22-35, Health, UK,160x600,439337.77,439337.77
775,2024-12-10,17,Age 22-37, Sports, Germany,728x90,13886.73,13886.73
776,2024-11-21,30,Age 21-33, Technology, Germany,160x600,290604.24,290604.24
777,2024-11-23,23,Age 24-37, Sports, USA,160x600,344523.92,344523.92
778,2024-11-07,20,Age 20-50, Finance, India,300x250,268774.61,268774.61
779,2024-11-03,27,Age 25-35, Education, Germany,160x600,280486.41,280486.41
780,2024-12-15,24,Age 20-43, Finance, Germany,160x600,57629.73,57629.73
781,2024-12-03,12,Age 24-50, Education, Germany,728x90,351022.33,351022.33
782,2024-12-03,19,Age 19-43, Health, USA,300x250,258282.87,258282.87
783,2024-10-20,13,Age 28-43, Sports, USA,300x250,335783.66,335783.66
784,2024-11-03,19,Age 25-40, Fashion, UK,160x600,56726.55,56726.55
785,2024-12-14,29,Age 24-50, Sports, UK,160x600,220393.26,220393.26
786,2024-12-15,24,Age 20-34, Travel, USA,160x600,442659.79,442659.79
787,2024-10-23,14,Age 27-46, Sports, Australia,160x600,112273.23,112273.23
788,2024-11-16,26,Age 25-32, Finance, India,300x250,357036.2,357036.2
789,2024-11-07,7,Age 20-45, Technology, Australia,160x600,356143.63,356143.63
790,2024-10-30,6,Age 28-49, Travel, Australia,728x90,299631.92,299631.92
791,2024-10-31,17,Age 25-35, Sports, UK,300x250,283657.4,283657.4
792,2024-11-16,26,Age 21-47, Health, India,728x90,165611.05,165611.05
793,2024-11-27,25,Age 20-32, Fashion, Australia,300x250,395122.82,395122.82
794,2024-11-14,15,Age 18-36, Fashion, Germany,160x600,114574.44,114574.44
795,2024-11-06,18,Age 24-39, Health, India,160x600,442509.32,442509.32
796,2024-11-27,29,Age 24-49, Travel, Germany,300x250,352995.45,352995.45
797,2024-11-29,1,Age 22-39, Gaming, USA,160x600,45732.26,45732.26
798,2024-11-20,18,Age 30-41, Finance, India,728x90,176261.06,176261.06
799,2024-12-26,23,Age 28-42, Health, USA,728x90,446519.77,446519.77
800,2024-12-09,6,Age 27-43, Health, India,728x90,135941.9,135941.9
801,2024-11-11,8,Age 18-47, Education, India,728x90,476902.56,476902.56
802,2024-11-28,25,Age 26-44, Finance, Germany,300x250,465571.36,465571.36
803,2024-12-20,2,Age 30-44, Gaming, Germany,300x250,387292.27,387292.27
804,2024-11-12,2,Age 22-40, Gaming, USA,300x250,142485.08,142485.08
805,2024-11-21,23,Age 25-42, Travel, Germany,728x90,261028.17,261028.17
806,2024-11-30,9,Age 20-33, Fashion, Germany,728x90,24228.56,24228.56
807,2024-11-01,26,Age 25-36, Fashion, UK,160x600,341561.4,341561.4
808,2024-11-27,17,Age 18-47, Finance, Australia,728x90,134028.96,134028.96
809,2024-11-13,24,Age 22-31, Fashion, UK,160x600,210855.67,210855.67
810,2024-10-27,14,Age 29-38, Travel, India,300x250,108129.49,108129.49
811,2024-11-18,9,Age 18-41, Fashion, India,300x250,77926.86,77926.86
812,2024-12-19,24,Age 29-40, Sports, USA,300x250,67593.94,67593.94
813,2024-11-03,5,Age 19-32, Technology, Germany,160x600,384967.81,384967.81
814,2024-12-01,1,Age 21-42, Gaming, Australia,160x600,367849.61,367849.61
815,2024-11-29,17,Age 28-38, Technology, India,300x250,325269.07,325269.07
816,2024-11-25,26,Age 26-49, Gaming, UK,160x600,429486.11,429486.11
817,2024-11-24,6,Age 19-39, Sports, India,728x90,70262.54,70262.54
818,2024-11-05,14,Age 23-31, Sports, India,160x600,426770.31,426770.31
819,2024-11-03,8,Age 29-43, Fashion, Germany,728x90,26348.73,26348.73
820,2024-12-15,12,Age 20-46, Gaming, Australia,300x250,444085.78,444085.78
821,2024-11-14,17,Age 24-34, Finance, Australia,728x90,25307.3,25307.3
822,2024-11-01,18,Age 26-43, Health, UK,300x250,488309.52,488309.52
823,2024-11-08,14,Age 24-45, Health, Germany,300x250,363466.39,363466.39
824,2024-12-04,1,Age 20-32, Education, USA,300x250,369949.18,369949.18
825,2024-11-07,15,Age 26-46, Education, India,300x250,127500.08,127500.08
826,2024-10-29,30,Age 19-38, Health, Australia,300x250,468699.97,468699.97
827,2024-11-13,28,Age 20-50, Travel, UK,728x90,223862.94,223862.94
828,2024-12-11,23,Age 30-35, Travel, Australia,300x250,283190.29,283190.29
829,2024-12-10,22,Age 21-31, Technology, India,160x600,243402.94,243402.94
830,2024-12-09,18,Age 20-40, Health, Australia,300x250,493431.17,493431.17
831,2024-12-14,31,Age 23-35, Gaming, UK,160x600,175681.01,175681.01
832,2024-11-06,18,Age 20-50, Sports, Germany,160x600,145318.32,145318.32
833,2024-11-17,30,Age 21-44, Health, India,160x600,478929.22,478929.22
834,2024-11-03,17,Age 22-38, Travel, Germany,160x600,141730.05,141730.05
835,2024-12-15,23,Age 19-40, Fashion, Germany,160x600,67855.43,67855.43
836,2024-11-13,18,Age 25-34, Gaming, India,160x600,270805.82,270805.82
837,2024-11-05,5,Age 19-32, Fashion, UK,300x250,159398.11,159398.11
838,2024-11-18,2,Age 30-32, Health, UK,300x250,202470.62,202470.62
839,2024-11-06,28,Age 28-44, Education, Australia,160x600,76910.5,76910.5
840,2024-11-17,19,Age 27-49, Travel, USA,160x600,431469.36,431469.36
841,2024-10-19,11,Age 28-41, Technology, UK,728x90,127801.12,127801.12
842,2024-11-05,9,Age 18-38, Finance, India,300x250,394298.78,394298.78
843,2024-12-12,31,Age 21-42, Gaming, Australia,160x600,346105.69,346105.69
844,2024-11-29,27,Age 25-46, Health, UK,728x90,241824.5,241824.5
845,2024-11-15,18,Age 23-35, Gaming, India,728x90,196264.73,196264.73
846,2024-11-12,6,Age 28-32, Travel, UK,728x90,26345.83,26345.83
847,2024-10-29,28,Age 23-41, Travel, India,728x90,499559.92,499559.92
848,2024-11-13,19,Age 26-44, Health, UK,300x250,400818.57,400818.57
849,2024-11-11,16,Age 19-43, Health, UK,728x90,337560.36,337560.36
850,2024-10-19,7,Age 21-40, Education, Germany,160x600,417744.36,417744.36
851,2024-11-03,28,Age 28-38, Travel, India,728x90,214255.8,214255.8
852,2024-12-02,11,Age 23-33, Sports, USA,160x600,335256.95,335256.95
853,2024-12-17,24,Age 26-32, Fashion, USA,160x600,184585.79,184585.79
854,2024-11-10,13,Age 27-45, Gaming, India,300x250,135914.58,135914.58
855,2024-12-15,4,Age 20-44, Travel, India,728x90,23748.27,23748.27
856,2024-10-14,14,Age 22-44, Sports, Australia,300x250,186510.79,186510.79
857,2024-11-21,14,Age 18-44, Fashion, Australia,728x90,15445.69,15445.69
858,2024-12-05,6,Age 22-34, Finance, UK,728x90,289278.0,289278.0
859,2024-11-21,17,Age 29-35, Finance, Germany,300x250,378052.06,378052.06
860,2024-10-25,7,Age 29-35, Fashion, USA,160x600,319074.18,319074.18
861,2024-11-17,7,Age 27-37, Health, Germany,728x90,129914.19,129914.19
862,2024-11-06,28,Age 19-38, Health, UK,160x600,134567.66,134567.66
863,2024-10-31,18,Age 25-32, Gaming, Germany,300x250,482281.38,482281.38
864,2024-10-23,19,Age 24-43, Health, Germany,160x600,259517.44,259517.44
865,2024-11-07,5,Age 27-39, Sports, USA,728x90,352641.13,352641.13
866,2024-12-05,2,Age 20-36, Gaming, UK,160x600,183382.11,183382.11
867,2024-10-19,7,Age 20-40, Sports, Germany,160x600,430834.22,430834.22
868,2024-11-13,3,Age 24-34, Gaming, India,300x250,194125.41,194125.41
869,2024-12-01,8,Age 25-43, Education, Germany,300x250,212683.54,212683.54
870,2024-10-25,5,Age 18-49, Finance, Germany,300x250,25602.09,25602.09
871,2024-11-25,20,Age 21-38, Sports, USA,728x90,97141.86,97141.86
872,2024-11-03,30,Age 25-39, Sports, USA,300x250,461822.52,461822.52
873,2024-11-26,2,Age 29-42, Technology, Germany,728x90,437897.89,437897.89
874,2024-11-08,6,Age 27-33, Travel, Germany,728x90,464369.21,464369.21
875,2024-12-18,12,Age 29-43, Sports, Australia,728x90,339579.61,339579.61
876,2024-11-21,1,Age 19-44, Sports, Germany,160x600,113326.89,113326.89
877,2024-10-30,27,Age 24-38, Fashion, India,728x90,13046.58,13046.58
878,2024-12-12,29,Age 27-36, Education, UK,300x250,255525.86,255525.86
879,2024-11-19,29,Age 19-48, Travel, UK,728x90,297663.68,297663.68
880,2024-10-30,8,Age 23-38, Education, Germany,160x600,96098.73,96098.73
881,2024-10-26,11,Age 29-41, Technology, Germany,160x600,300755.54,300755.54
882,2024-12-28,3,Age 18-31, Education, India,728x90,429029.5,429029.5
883,2024-11-03,7,Age 21-35, Fashion, India,160x600,160784.75,160784.75
884,2024-11-09,25,Age 27-44, Sports, UK,728x90,36223.76,36223.76
885,2024-11-09,10,Age 30-48, Education, Germany,728x90,272262.67,272262.67
886,2024-11-04,6,Age 22-34, Finance, Australia,300x250,276829.07,276829.07
887,2024-11-21,14,Age 29-35, Travel, Australia,160x600,485086.57,485086.57
888,2024-11-30,4,Age 25-33, Finance, USA,300x250,258017.06,258017.06
889,2024-11-08,31,Age 22-48, Sports, Australia,300x250,423089.19,423089.19
890,2024-10-23,21,Age 28-37, Education, Australia,160x600,18175.49,18175.49
891,2024-11-06,20,Age 22-36, Health, Australia,728x90,124888.86,124888.86
892,2024-12-27,23,Age 23-41, Technology, Germany,300x250,139700.67,139700.67
893,2024-11-09,8,Age 22-32, Sports, Germany,300x250,187093.74,187093.74
894,2024-12-22,16,Age 28-33, Education, Australia,728x90,457493.83,457493.83
895,2024-11-12,22,Age 28-31, Finance, Australia,160x600,261176.96,261176.96
896,2024-11-29,14,Age 25-34, Fashion, UK,160x600,38105.04,38105.04
897,2024-12-02,19,Age 28-45, Finance, USA,160x600,160248.06,160248.06
898,2024-12-10,26,Age 21-41, Travel, Germany,160x600,259103.58,259103.58
899,2024-11-01,7,Age 22-38, Travel, Germany,300x250,471313.28,471313.28
900,2024-11-30,31,Age 21-48, Technology, USA,300x250,165716.95,165716.95
901,2024-12-24,16,Age 18-31, Fashion, India,728x90,150675.26,150675.26
902,2024-11-14,24,Age 26-35, Finance, India,728x90,179572.74,179572.74
903,2024-10-25,19,Age 19-43, Travel, UK,300x250,400435.06,400435.06
904,2024-11-09,28,Age 26-46, Gaming, Germany,300x250,345381.94,345381.94
905,2024-12-26,23,Age 20-48, Technology, USA,728x90,400508.16,400508.16
906,2024-11-15,10,Age 26-45, Sports, UK,728x90,395324.56,395324.56
907,2024-10-27,27,Age 20-46, Finance, India,728x90,299096.92,299096.92
908,2024-11-15,28,Age 27-33, Health, Australia,728x90,100299.57,100299.57
909,2024-12-03,3,Age 26-45, Fashion, USA,728x90,491152.53,491152.53
910,2024-10-22,19,Age 20-39, Travel, India,728x90,370679.84,370679.84
911,2024-11-06,2,Age 29-44, Education, Germany,160x600,326783.51,326783.51
912,2024-10-23,18,Age 25-48, Fashion, Australia,160x600,72960.12,72960.12
913,2024-10-31,9,Age 20-43, Education, UK,728x90,102538.77,102538.77
914,2024-11-09,25,Age 21-32, Health, USA,728x90,492433.0,492433.0
915,2024-12-24,23,Age 21-36, Technology, UK,300x250,210265.44,210265.44
916,2024-12-18,22,Age 18-43, Gaming, USA,300x250,39004.32,39004.32
917,2024-11-26,23,Age 18-44, Education, UK,160x600,224075.07,224075.07
918,2024-11-16,22,Age 19-31, Travel, Germany,160x600,34659.43,34659.43
919,2024-10-30,11,Age 22-47, Gaming, Australia,300x250,399355.13,399355.13
920,2024-12-07,9,Age 26-40, Health, Australia,160x600,493133.38,493133.38
921,2024-11-19,22,Age 30-43, Gaming, USA,728x90,402439.33,402439.33
922,2024-12-05,2,Age 19-48, Health, Australia,160x600,394956.34,394956.34
923,2024-10-18,21,Age 26-49, Education, Australia,728x90,388314.91,388314.91
924,2024-10-20,28,Age 20-39, Education, Australia,728x90,340318.18,340318.18
925,2024-11-15,20,Age 18-40, Technology, USA,728x90,134066.84,134066.84
926,2024-11-14,9,Age 20-47, Education, USA,160x600,225392.78,225392.78
927,2024-11-25,10,Age 22-42, Gaming, Australia,300x250,368717.9,368717.9
928,2024-10-25,27,Age 29-49, Fashion, UK,728x90,101680.28,101680.28
929,2024-11-08,23,Age 19-49, Travel, Germany,160x600,66792.15,66792.15
930,2024-11-08,2,Age 23-42, Health, Germany,300x250,53771.76,53771.76
931,2024-12-11,6,Age 23-40, Fashion, USA,728x90,262398.24,262398.24
932,2024-11-10,7,Age 28-36, Travel, Germany,728x90,187339.3,187339.3
933,2024-11-11,8,Age 22-39, Gaming, India,300x250,171797.36,171797.36
934,2024-12-07,29,Age 29-50, Technology, UK,160x600,462163.37,462163.37
935,2024-11-07,26,Age 20-40, Health, USA,300x250,109213.14,109213.14
936,2024-11-16,18,Age 26-50, Fashion, USA,728x90,196796.71,196796.71
937,2024-10-29,27,Age 23-36, Travel, Australia,160x600,405317.89,405317.89
938,2024-11-04,28,Age 26-41, Health, UK,300x250,423174.55,423174.55
939,2024-11-18,27,Age 20-38, Finance, USA,160x600,225006.92,225006.92
940,2024-11-25,9,Age 25-38, Health, USA,728x90,89539.81,89539.81
941,2024-12-09,27,Age 25-31, Technology, Germany,728x90,468760.21,468760.21
942,2024-12-23,16,Age 25-49, Technology, UK,160x600,271739.56,271739.56
943,2024-12-13,3,Age 22-36, Gaming, Australia,728x90,238290.46,238290.46
944,2024-11-19,11,Age 27-48, Education, Australia,160x600,395812.2,395812.2
945,2024-12-14,12,Age 19-46, Technology, Australia,160x600,357264.8,357264.8
946,2024-11-19,10,Age 23-34, Health, USA,300x250,332715.41,332715.41
947,2024-11-09,13,Age 25-38, Gaming, USA,300x250,87223.08,87223.08
948,2024-10-19,7,Age 21-34, Travel, UK,300x250,402732.49,402732.49
949,2024-10-24,21,Age 23-41, Travel, Germany,300x250,158193.96,158193.96
950,2024-10-28,7,Age 24-32, Fashion, Germany,728x90,378407.36,378407.36
951,2024-11-21,29,Age 28-49, Finance, Germany,300x250,127576.38,127576.38
952,2024-12-05,17,Age 30-44, Technology, USA,728x90,237014.43,237014.43
953,2024-11-26,16,Age 30-36, Travel, Australia,160x600,129914.03,129914.03
954,2024-11-18,4,Age 28-34, Technology, Germany,300x250,114747.17,114747.17
955,2024-10-22,8,Age 23-43, Fashion, USA,160x600,496210.13,496210.13
956,2024-11-25,14,Age 21-50, Fashion, Germany,160x600,329071.59,329071.59
957,2024-10-29,21,Age 27-31, Finance, UK,300x250,137597.24,137597.24
958,2024-11-30,28,Age 27-46, Gaming, USA,728x90,322429.03,322429.03
959,2024-12-02,18,Age 19-47, Gaming, Australia,160x600,123053.97,123053.97
960,2024-11-26,18,Age 20-41, Finance, USA,728x90,434738.07,434738.07
961,2024-10-22,21,Age 30-49, Gaming, India,300x250,218999.03,218999.03
962,2024-11-23,20,Age 22-31, Health, USA,160x600,130759.27,130759.27
963,2024-10-28,6,Age 18-36, Finance, India,160x600,287418.73,287418.73
964,2024-10-22,28,Age 22-47, Finance, Germany,300x250,166137.96,166137.96
965,2024-11-03,26,Age 23-45, Travel, USA,728x90,277800.71,277800.71
966,2024-11-08,2,Age 25-50, Health, Australia,300x250,430126.61,430126.61
967,2024-12-22,16,Age 28-36, Travel, Australia,160x600,110597.16,110597.16
968,2024-11-29,25,Age 18-38, Sports, Australia,160x600,359742.93,359742.93
969,2024-11-06,27,Age 24-39, Education, India,300x250,19284.79,19284.79
970,2024-11-16,23,Age 28-48, Technology, USA,728x90,201618.96,201618.96
971,2024-11-11,22,Age 28-33, Education, Germany,160x600,389785.68,389785.68
972,2024-11-16,23,Age 20-43, Education, Australia,728x90,453457.85,453457.85
973,2024-11-30,15,Age 28-40, Travel, UK,300x250,429493.26,429493.26
974,2024-11-14,30,Age 28-44, Travel, Australia,728x90,233519.71,233519.71
975,2024-12-19,22,Age 23-49, Health, Germany,728x90,383651.13,383651.13
976,2024-11-04,30,Age 30-37, Health, USA,728x90,134831.35,134831.35
977,2024-12-16,29,Age 21-42, Sports, Australia,160x600,397552.95,397552.95
978,2024-11-12,30,Age 21-38, Technology, Germany,300x250,90728.4,90728.4
979,2024-12-04,18,Age 30-46, Finance, USA,160x600,134041.66,134041.66
980,2024-11-18,30,Age 27-46, Health, USA,300x250,254204.67,254204.67
981,2024-12-06,24,Age 30-37, Technology, Australia,300x250,243150.04,243150.04
982,2024-11-04,17,Age 24-35, Health, Australia,160x600,459709.49,459709.49
983,2024-11-11,15,Age 23-33, Health, Australia,160x600,24365.38,24365.38
984,2024-11-30,3,Age 30-47, Travel, Australia,160x600,57116.71,57116.71
985,2024-11-18,21,Age 21-48, Health, USA,728x90,266821.97,266821.97
986,2024-11-14,15,Age 27-46, Gaming, India,300x250,38770.68,38770.68
987,2024-11-26,29,Age 23-36, Technology, UK,160x600,325902.31,325902.31
988,2024-11-25,24,Age 20-35, Education, India,728x90,17642.03,17642.03
989,2024-11-13,20,Age 22-45, Fashion, Australia,160x600,159209.27,159209.27
990,2024-11-29,12,Age 22-42, Technology, Germany,300x250,291619.34,291619.34
991,2024-12-02,24,Age 30-42, Technology, Germany,728x90,43711.77,43711.77
992,2024-11-25,30,Age 29-38, Finance, India,160x600,129214.42,129214.42
993,2024-10-23,28,Age 22-44, Fashion, India,728x90,431915.88,431915.88
994,2024-10-12,5,Age 29-42, Travel, Australia,728x90,432509.48,432509.48
995,2024-11-05,28,Age 26-34, Travel, India,728x90,147845.74,147845.74
996,2024-11-30,13,Age 27-45, Sports, UK,160x600,189194.28,189194.28
997,2024-12-14,12,Age 23-50, Technology, India,300x250,410362.86,410362.86
998,2024-11-02,29,Age 19-44, Sports, Australia,300x250,399431.94,399431.94
999,2024-12-11,20,Age 19-36, Health, Australia,728x90,21779.65,21779.65
1000,2024-12-02,24,Age 27-32, Health, USA,300x250,272341.99,272341.99
1001,2024-11-25,7,Age 22-34, Gaming, Australia,728x90,63229.86,63229.86
1002,2024-11-14,3,Age 20-47, Fashion, India,300x250,14328.04,14328.04
1003,2024-10-24,26,Age 23-41, Travel, India,728x90,202676.16,202676.16
1004,2024-10-22,8,Age 30-32, Finance, Germany,160x600,124387.64,124387.64
1005,2024-11-17,15,Age 21-48, Finance, USA,300x250,376717.39,376717.39
1006,2024-11-29,16,Age 22-39, Gaming, India,160x600,392995.22,392995.22
1007,2024-12-10,3,Age 21-44, Education, USA,300x250,56171.93,56171.93
1008,2024-11-14,1,Age 21-48, Sports, UK,300x250,209610.68,209610.68
1009,2024-11-09,16,Age 20-31, Health, Australia,160x600,109658.47,109658.47
1010,2024-12-15,20,Age 29-49, Fashion, Germany,728x90,300038.25,300038.25
1011,2024-11-01,24,Age 30-33, Education, Australia,160x600,47325.03,47325.03
1012,2024-11-22,18,Age 27-40, Travel, USA,300x250,74875.93,74875.93
1013,2024-10-13,21,Age 25-39, Gaming, Australia,728x90,390454.03,390454.03
